Timestamp,Object Name,Event,Zone3_BuzzerNode_relay_Connected Device 0,Zone3_SpeakerNode_speaker_Played Message,Zone3_ActuatorNode_relay_Connected Device 0,Zone3_GateNode_scanner_ID,Zone3_GateNode_relay_Switch 0 Status,Zone3_GateNode_relay_Connected Device 0,Zone3_BuzzerNode_relay_Switch 0 Status,Zone3_ActuatorNode_relay_Connected Device 3,Zone3_ActuatorNode_relay_Connected Device 2,Zone3_ActuatorNode_relay_Switch 0 Status,Zone3_ActuatorNode_relay_Switch 3 Status,Zone3_ActuatorNode_relay_Connected Device 1,Zone3_ActuatorNode_relay_Switch 1 Status,Zone3_ActuatorNode_relay_Switch 2 Status
2024-12-03T20:00:40.139729500,Zone3_MasterNode,Started,Uninitialized,Uninitialized,Uninitialized,Uninitialized,Uninitialized,Uninitialized,Uninitialized,Uninitialized,Uninitialized,Uninitialized,Uninitialized,Uninitialized,Uninitialized,Uninitialized
2024-12-03T20:00:40.282164500,Zone3_MasterNode,Received (1) new packets from slave node [Zone3_SpeakerNode] created @ [2024-12-03T20:00:40.153735600],Uninitialized,Uninitialized,Uninitialized,Uninitialized,Uninitialized,Uninitialized,Uninitialized,Uninitialized,Uninitialized,Uninitialized,Uninitialized,Uninitialized,Uninitialized,Uninitialized
2024-12-03T20:00:40.290431600,Zone3_MasterNode,Received (2) new packets from slave node [Zone3_BuzzerNode] created @ [2024-12-03T20:00:40.154738900],Uninitialized,Uninitialized,Uninitialized,Uninitialized,Uninitialized,Uninitialized,Uninitialized,Uninitialized,Uninitialized,Uninitialized,Uninitialized,Uninitialized,Uninitialized,Uninitialized
2024-12-03T20:00:40.292407700,Zone3_MasterNode,Gate [Zone3_GateNode] queried permission status for ID [Uninitialized],Zone3_BuzzerNode_relay_buzzer,Uninitialized,Uninitialized,Uninitialized,Uninitialized,Uninitialized,false,Uninitialized,Uninitialized,Uninitialized,Uninitialized,Uninitialized,Uninitialized,Uninitialized
2024-12-03T20:00:40.293485200,Zone3_MasterNode,Gate [Zone3_GateNode] queried permission status for ID [Uninitialized]. Permission [DENIED],Zone3_BuzzerNode_relay_buzzer,Uninitialized,Uninitialized,Uninitialized,Uninitialized,Uninitialized,false,Uninitialized,Uninitialized,Uninitialized,Uninitialized,Uninitialized,Uninitialized,Uninitialized
2024-12-03T20:00:40.301428600,Zone3_MasterNode,Received (8) new packets from slave node [Zone3_ActuatorNode] created @ [2024-12-03T20:00:40.153735600],Zone3_BuzzerNode_relay_buzzer,Uninitialized,Uninitialized,Uninitialized,Uninitialized,Uninitialized,false,Uninitialized,Uninitialized,Uninitialized,Uninitialized,Uninitialized,Uninitialized,Uninitialized
2024-12-03T20:00:40.347724900,Zone3_MasterNode,Received (2) new packets from slave node [Zone3_GateNode] created @ [2024-12-03T20:00:40.322630300],Zone3_BuzzerNode_relay_buzzer,Uninitialized,Disconnected,Uninitialized,Uninitialized,Uninitialized,false,Disconnected,Disconnected,false,false,Disconnected,false,false
2024-12-03T20:00:40.810884,Zone3_MasterNode,Received (1) new packets from slave node [Zone3_SpeakerNode] created @ [2024-12-03T20:00:40.795924300],Zone3_BuzzerNode_relay_buzzer,Uninitialized,Disconnected,Uninitialized,false,Zone3_GateNode_motor,false,Disconnected,Disconnected,false,false,Disconnected,false,false
2024-12-03T20:00:40.841692700,Zone3_MasterNode,Received (2) new packets from slave node [Zone3_BuzzerNode] created @ [2024-12-03T20:00:40.811879900],Zone3_BuzzerNode_relay_buzzer,Uninitialized,Disconnected,Uninitialized,false,Zone3_GateNode_motor,false,Disconnected,Disconnected,false,false,Disconnected,false,false
2024-12-03T20:00:40.857218400,Zone3_MasterNode,Received (8) new packets from slave node [Zone3_ActuatorNode] created @ [2024-12-03T20:00:40.826882900],Zone3_BuzzerNode_relay_buzzer,Uninitialized,Disconnected,Uninitialized,false,Zone3_GateNode_motor,false,Disconnected,Disconnected,false,false,Disconnected,false,false
2024-12-03T20:00:40.888610800,Zone3_MasterNode,Gate [Zone3_GateNode] queried permission status for ID [Uninitialized],Zone3_BuzzerNode_relay_buzzer,Uninitialized,Disconnected,Uninitialized,false,Zone3_GateNode_motor,false,Disconnected,Disconnected,false,false,Disconnected,false,false
2024-12-03T20:00:40.892589100,Zone3_MasterNode,Gate [Zone3_GateNode] queried permission status for ID [Uninitialized]. Permission [DENIED],Zone3_BuzzerNode_relay_buzzer,Uninitialized,Disconnected,Uninitialized,false,Zone3_GateNode_motor,false,Disconnected,Disconnected,false,false,Disconnected,false,false
2024-12-03T20:00:40.937200300,Zone3_MasterNode,Received (2) new packets from slave node [Zone3_GateNode] created @ [2024-12-03T20:00:40.923482200],Zone3_BuzzerNode_relay_buzzer,Uninitialized,Disconnected,Uninitialized,false,Zone3_GateNode_motor,false,Disconnected,Disconnected,false,false,Disconnected,false,false
2024-12-03T20:00:41.356242800,Zone3_MasterNode,Received (1) new packets from slave node [Zone3_SpeakerNode] created @ [2024-12-03T20:00:41.336826600],Zone3_BuzzerNode_relay_buzzer,Uninitialized,Disconnected,Uninitialized,false,Zone3_GateNode_motor,false,Disconnected,Disconnected,false,false,Disconnected,false,false
2024-12-03T20:00:41.385958600,Zone3_MasterNode,Received (2) new packets from slave node [Zone3_BuzzerNode] created @ [2024-12-03T20:00:41.368398800],Zone3_BuzzerNode_relay_buzzer,Uninitialized,Disconnected,Uninitialized,false,Zone3_GateNode_motor,false,Disconnected,Disconnected,false,false,Disconnected,false,false
2024-12-03T20:00:41.431933800,Zone3_MasterNode,Received (8) new packets from slave node [Zone3_ActuatorNode] created @ [2024-12-03T20:00:41.384065100],Zone3_BuzzerNode_relay_buzzer,Uninitialized,Disconnected,Uninitialized,false,Zone3_GateNode_motor,false,Disconnected,Disconnected,false,false,Disconnected,false,false
2024-12-03T20:00:41.478355,Zone3_MasterNode,Gate [Zone3_GateNode] queried permission status for ID [Uninitialized],Zone3_BuzzerNode_relay_buzzer,Uninitialized,Disconnected,Uninitialized,false,Zone3_GateNode_motor,false,Disconnected,Disconnected,false,false,Disconnected,false,false
2024-12-03T20:00:41.480865200,Zone3_MasterNode,Gate [Zone3_GateNode] queried permission status for ID [Uninitialized]. Permission [DENIED],Zone3_BuzzerNode_relay_buzzer,Uninitialized,Disconnected,Uninitialized,false,Zone3_GateNode_motor,false,Disconnected,Disconnected,false,false,Disconnected,false,false
2024-12-03T20:00:41.540459800,Zone3_MasterNode,Received (2) new packets from slave node [Zone3_GateNode] created @ [2024-12-03T20:00:41.512553400],Zone3_BuzzerNode_relay_buzzer,Uninitialized,Disconnected,Uninitialized,false,Zone3_GateNode_motor,false,Disconnected,Disconnected,false,false,Disconnected,false,false
2024-12-03T20:00:41.904680600,Zone3_MasterNode,Received (1) new packets from slave node [Zone3_SpeakerNode] created @ [2024-12-03T20:00:41.885623600],Zone3_BuzzerNode_relay_buzzer,Uninitialized,Disconnected,Uninitialized,false,Zone3_GateNode_motor,false,Disconnected,Disconnected,false,false,Disconnected,false,false
2024-12-03T20:00:41.976204600,Zone3_MasterNode,Received (2) new packets from slave node [Zone3_BuzzerNode] created @ [2024-12-03T20:00:41.913677900],Zone3_BuzzerNode_relay_buzzer,Uninitialized,Disconnected,Uninitialized,false,Zone3_GateNode_motor,false,Disconnected,Disconnected,false,false,Disconnected,false,false
2024-12-03T20:00:42.006224200,Zone3_MasterNode,Received (8) new packets from slave node [Zone3_ActuatorNode] created @ [2024-12-03T20:00:41.965211600],Zone3_BuzzerNode_relay_buzzer,Uninitialized,Disconnected,Uninitialized,false,Zone3_GateNode_motor,false,Disconnected,Disconnected,false,false,Disconnected,false,false
2024-12-03T20:00:42.084454100,Zone3_MasterNode,Gate [Zone3_GateNode] queried permission status for ID [Uninitialized],Zone3_BuzzerNode_relay_buzzer,Uninitialized,Disconnected,Uninitialized,false,Zone3_GateNode_motor,false,Disconnected,Disconnected,false,false,Disconnected,false,false
2024-12-03T20:00:42.090436400,Zone3_MasterNode,Gate [Zone3_GateNode] queried permission status for ID [Uninitialized]. Permission [DENIED],Zone3_BuzzerNode_relay_buzzer,Uninitialized,Disconnected,Uninitialized,false,Zone3_GateNode_motor,false,Disconnected,Disconnected,false,false,Disconnected,false,false
2024-12-03T20:00:42.146369500,Zone3_MasterNode,Received (2) new packets from slave node [Zone3_GateNode] created @ [2024-12-03T20:00:42.118429600],Zone3_BuzzerNode_relay_buzzer,Uninitialized,Disconnected,Uninitialized,false,Zone3_GateNode_motor,false,Disconnected,Disconnected,false,false,Disconnected,false,false
2024-12-03T20:00:42.509681800,Zone3_MasterNode,Received (1) new packets from slave node [Zone3_SpeakerNode] created @ [2024-12-03T20:00:42.489703300],Zone3_BuzzerNode_relay_buzzer,Uninitialized,Disconnected,Uninitialized,false,Zone3_GateNode_motor,false,Disconnected,Disconnected,false,false,Disconnected,false,false
2024-12-03T20:00:42.522673700,Zone3_MasterNode,Received (2) new packets from slave node [Zone3_BuzzerNode] created @ [2024-12-03T20:00:42.505673],Zone3_BuzzerNode_relay_buzzer,Uninitialized,Disconnected,Uninitialized,false,Zone3_GateNode_motor,false,Disconnected,Disconnected,false,false,Disconnected,false,false
2024-12-03T20:00:42.552407600,Zone3_MasterNode,Received (8) new packets from slave node [Zone3_ActuatorNode] created @ [2024-12-03T20:00:42.520716100],Zone3_BuzzerNode_relay_buzzer,Uninitialized,Disconnected,Uninitialized,false,Zone3_GateNode_motor,false,Disconnected,Disconnected,false,false,Disconnected,false,false
2024-12-03T20:00:42.691944800,Zone3_MasterNode,Gate [Zone3_GateNode] queried permission status for ID [Uninitialized],Zone3_BuzzerNode_relay_buzzer,Uninitialized,Disconnected,Uninitialized,false,Zone3_GateNode_motor,false,Disconnected,Disconnected,false,false,Disconnected,false,false
2024-12-03T20:00:42.696917500,Zone3_MasterNode,Gate [Zone3_GateNode] queried permission status for ID [Uninitialized]. Permission [DENIED],Zone3_BuzzerNode_relay_buzzer,Uninitialized,Disconnected,Uninitialized,false,Zone3_GateNode_motor,false,Disconnected,Disconnected,false,false,Disconnected,false,false
2024-12-03T20:00:42.830849200,Zone3_MasterNode,Received (2) new packets from slave node [Zone3_GateNode] created @ [2024-12-03T20:00:42.726921100],Zone3_BuzzerNode_relay_buzzer,Uninitialized,Disconnected,Uninitialized,false,Zone3_GateNode_motor,false,Disconnected,Disconnected,false,false,Disconnected,false,false
2024-12-03T20:00:43.036656200,Zone3_MasterNode,Received (1) new packets from slave node [Zone3_SpeakerNode] created @ [2024-12-03T20:00:43.022000100],Zone3_BuzzerNode_relay_buzzer,Uninitialized,Disconnected,Uninitialized,false,Zone3_GateNode_motor,false,Disconnected,Disconnected,false,false,Disconnected,false,false
2024-12-03T20:00:43.083512400,Zone3_MasterNode,Received (2) new packets from slave node [Zone3_BuzzerNode] created @ [2024-12-03T20:00:43.051782900],Zone3_BuzzerNode_relay_buzzer,Uninitialized,Disconnected,Uninitialized,false,Zone3_GateNode_motor,false,Disconnected,Disconnected,false,false,Disconnected,false,false
2024-12-03T20:00:43.099601,Zone3_MasterNode,Received (8) new packets from slave node [Zone3_ActuatorNode] created @ [2024-12-03T20:00:43.064698300],Zone3_BuzzerNode_relay_buzzer,Uninitialized,Disconnected,Uninitialized,false,Zone3_GateNode_motor,false,Disconnected,Disconnected,false,false,Disconnected,false,false
2024-12-03T20:00:43.379019200,Zone3_MasterNode,Gate [Zone3_GateNode] queried permission status for ID [Uninitialized],Zone3_BuzzerNode_relay_buzzer,Uninitialized,Disconnected,Uninitialized,false,Zone3_GateNode_motor,false,Disconnected,Disconnected,false,false,Disconnected,false,false
2024-12-03T20:00:43.381008300,Zone3_MasterNode,Gate [Zone3_GateNode] queried permission status for ID [Uninitialized]. Permission [DENIED],Zone3_BuzzerNode_relay_buzzer,Uninitialized,Disconnected,Uninitialized,false,Zone3_GateNode_motor,false,Disconnected,Disconnected,false,false,Disconnected,false,false
2024-12-03T20:00:43.409722500,Zone3_MasterNode,Received (2) new packets from slave node [Zone3_GateNode] created @ [2024-12-03T20:00:43.396308100],Zone3_BuzzerNode_relay_buzzer,Uninitialized,Disconnected,Uninitialized,false,Zone3_GateNode_motor,false,Disconnected,Disconnected,false,false,Disconnected,false,false
2024-12-03T20:00:43.581582300,Zone3_MasterNode,Received (1) new packets from slave node [Zone3_SpeakerNode] created @ [2024-12-03T20:00:43.567482700],Zone3_BuzzerNode_relay_buzzer,Uninitialized,Disconnected,Uninitialized,false,Zone3_GateNode_motor,false,Disconnected,Disconnected,false,false,Disconnected,false,false
2024-12-03T20:00:43.615089600,Zone3_MasterNode,Received (2) new packets from slave node [Zone3_BuzzerNode] created @ [2024-12-03T20:00:43.599083],Zone3_BuzzerNode_relay_buzzer,Uninitialized,Disconnected,Uninitialized,false,Zone3_GateNode_motor,false,Disconnected,Disconnected,false,false,Disconnected,false,false
2024-12-03T20:00:43.638074200,Zone3_MasterNode,Received (8) new packets from slave node [Zone3_ActuatorNode] created @ [2024-12-03T20:00:43.618083800],Zone3_BuzzerNode_relay_buzzer,Uninitialized,Disconnected,Uninitialized,false,Zone3_GateNode_motor,false,Disconnected,Disconnected,false,false,Disconnected,false,false
2024-12-03T20:00:43.956733100,Zone3_MasterNode,Gate [Zone3_GateNode] queried permission status for ID [Uninitialized],Zone3_BuzzerNode_relay_buzzer,Uninitialized,Disconnected,Uninitialized,false,Zone3_GateNode_motor,false,Disconnected,Disconnected,false,false,Disconnected,false,false
2024-12-03T20:00:43.962715600,Zone3_MasterNode,Gate [Zone3_GateNode] queried permission status for ID [Uninitialized]. Permission [DENIED],Zone3_BuzzerNode_relay_buzzer,Uninitialized,Disconnected,Uninitialized,false,Zone3_GateNode_motor,false,Disconnected,Disconnected,false,false,Disconnected,false,false
2024-12-03T20:00:44.019493900,Zone3_MasterNode,Received (2) new packets from slave node [Zone3_GateNode] created @ [2024-12-03T20:00:43.990550900],Zone3_BuzzerNode_relay_buzzer,Uninitialized,Disconnected,Uninitialized,false,Zone3_GateNode_motor,false,Disconnected,Disconnected,false,false,Disconnected,false,false
2024-12-03T20:00:44.127833600,Zone3_MasterNode,Received (1) new packets from slave node [Zone3_SpeakerNode] created @ [2024-12-03T20:00:44.114408800],Zone3_BuzzerNode_relay_buzzer,Uninitialized,Disconnected,Uninitialized,false,Zone3_GateNode_motor,false,Disconnected,Disconnected,false,false,Disconnected,false,false
2024-12-03T20:00:44.161274200,Zone3_MasterNode,Received (2) new packets from slave node [Zone3_BuzzerNode] created @ [2024-12-03T20:00:44.145381100],Zone3_BuzzerNode_relay_buzzer,Uninitialized,Disconnected,Uninitialized,false,Zone3_GateNode_motor,false,Disconnected,Disconnected,false,false,Disconnected,false,false
2024-12-03T20:00:44.192136200,Zone3_MasterNode,Received (8) new packets from slave node [Zone3_ActuatorNode] created @ [2024-12-03T20:00:44.164335800],Zone3_BuzzerNode_relay_buzzer,Uninitialized,Disconnected,Uninitialized,false,Zone3_GateNode_motor,false,Disconnected,Disconnected,false,false,Disconnected,false,false
2024-12-03T20:00:44.579853300,Zone3_MasterNode,Gate [Zone3_GateNode] queried permission status for ID [Uninitialized],Zone3_BuzzerNode_relay_buzzer,Uninitialized,Disconnected,Uninitialized,false,Zone3_GateNode_motor,false,Disconnected,Disconnected,false,false,Disconnected,false,false
2024-12-03T20:00:44.580859800,Zone3_MasterNode,Gate [Zone3_GateNode] queried permission status for ID [Uninitialized]. Permission [DENIED],Zone3_BuzzerNode_relay_buzzer,Uninitialized,Disconnected,Uninitialized,false,Zone3_GateNode_motor,false,Disconnected,Disconnected,false,false,Disconnected,false,false
2024-12-03T20:00:44.626384900,Zone3_MasterNode,Received (2) new packets from slave node [Zone3_GateNode] created @ [2024-12-03T20:00:44.597147600],Zone3_BuzzerNode_relay_buzzer,Uninitialized,Disconnected,Uninitialized,false,Zone3_GateNode_motor,false,Disconnected,Disconnected,false,false,Disconnected,false,false
2024-12-03T20:00:44.672182600,Zone3_MasterNode,Received (1) new packets from slave node [Zone3_SpeakerNode] created @ [2024-12-03T20:00:44.650068100],Zone3_BuzzerNode_relay_buzzer,Uninitialized,Disconnected,Uninitialized,false,Zone3_GateNode_motor,false,Disconnected,Disconnected,false,false,Disconnected,false,false
2024-12-03T20:00:44.704738300,Zone3_MasterNode,Received (2) new packets from slave node [Zone3_BuzzerNode] created @ [2024-12-03T20:00:44.688732200],Zone3_BuzzerNode_relay_buzzer,Uninitialized,Disconnected,Uninitialized,false,Zone3_GateNode_motor,false,Disconnected,Disconnected,false,false,Disconnected,false,false
2024-12-03T20:00:44.752240900,Zone3_MasterNode,Received (8) new packets from slave node [Zone3_ActuatorNode] created @ [2024-12-03T20:00:44.720609600],Zone3_BuzzerNode_relay_buzzer,Uninitialized,Disconnected,Uninitialized,false,Zone3_GateNode_motor,false,Disconnected,Disconnected,false,false,Disconnected,false,false
2024-12-03T20:00:45.189286600,Zone3_MasterNode,Gate [Zone3_GateNode] queried permission status for ID [Uninitialized],Zone3_BuzzerNode_relay_buzzer,Uninitialized,Disconnected,Uninitialized,false,Zone3_GateNode_motor,false,Disconnected,Disconnected,false,false,Disconnected,false,false
2024-12-03T20:00:45.190410900,Zone3_MasterNode,Gate [Zone3_GateNode] queried permission status for ID [Uninitialized]. Permission [DENIED],Zone3_BuzzerNode_relay_buzzer,Uninitialized,Disconnected,Uninitialized,false,Zone3_GateNode_motor,false,Disconnected,Disconnected,false,false,Disconnected,false,false
2024-12-03T20:00:45.204408100,Zone3_MasterNode,Received (1) new packets from slave node [Zone3_SpeakerNode] created @ [2024-12-03T20:00:45.189286600],Zone3_BuzzerNode_relay_buzzer,Uninitialized,Disconnected,Uninitialized,false,Zone3_GateNode_motor,false,Disconnected,Disconnected,false,false,Disconnected,false,false
2024-12-03T20:00:45.236092600,Zone3_MasterNode,Received (2) new packets from slave node [Zone3_GateNode] created @ [2024-12-03T20:00:45.207427300],Zone3_BuzzerNode_relay_buzzer,Uninitialized,Disconnected,Uninitialized,false,Zone3_GateNode_motor,false,Disconnected,Disconnected,false,false,Disconnected,false,false
2024-12-03T20:00:45.251078800,Zone3_MasterNode,Received (2) new packets from slave node [Zone3_BuzzerNode] created @ [2024-12-03T20:00:45.222762100],Zone3_BuzzerNode_relay_buzzer,Uninitialized,Disconnected,Uninitialized,false,Zone3_GateNode_motor,false,Disconnected,Disconnected,false,false,Disconnected,false,false
2024-12-03T20:00:45.301663700,Zone3_MasterNode,Received (8) new packets from slave node [Zone3_ActuatorNode] created @ [2024-12-03T20:00:45.266538300],Zone3_BuzzerNode_relay_buzzer,Uninitialized,Disconnected,Uninitialized,false,Zone3_GateNode_motor,false,Disconnected,Disconnected,false,false,Disconnected,false,false
2024-12-03T20:00:45.740573600,Zone3_MasterNode,Received (1) new packets from slave node [Zone3_SpeakerNode] created @ [2024-12-03T20:00:45.723840300],Zone3_BuzzerNode_relay_buzzer,Uninitialized,Disconnected,Uninitialized,false,Zone3_GateNode_motor,false,Disconnected,Disconnected,false,false,Disconnected,false,false
2024-12-03T20:00:45.814047600,Zone3_MasterNode,Received (2) new packets from slave node [Zone3_BuzzerNode] created @ [2024-12-03T20:00:45.782870500],Zone3_BuzzerNode_relay_buzzer,Uninitialized,Disconnected,Uninitialized,false,Zone3_GateNode_motor,false,Disconnected,Disconnected,false,false,Disconnected,false,false
2024-12-03T20:00:45.814047600,Zone3_MasterNode,Gate [Zone3_GateNode] queried permission status for ID [Uninitialized],Zone3_BuzzerNode_relay_buzzer,Uninitialized,Disconnected,Uninitialized,false,Zone3_GateNode_motor,false,Disconnected,Disconnected,false,false,Disconnected,false,false
2024-12-03T20:00:45.822042300,Zone3_MasterNode,Gate [Zone3_GateNode] queried permission status for ID [Uninitialized]. Permission [DENIED],Zone3_BuzzerNode_relay_buzzer,Uninitialized,Disconnected,Uninitialized,false,Zone3_GateNode_motor,false,Disconnected,Disconnected,false,false,Disconnected,false,false
2024-12-03T20:00:45.861831400,Zone3_MasterNode,Received (2) new packets from slave node [Zone3_GateNode] created @ [2024-12-03T20:00:45.838170900],Zone3_BuzzerNode_relay_buzzer,Uninitialized,Disconnected,Uninitialized,false,Zone3_GateNode_motor,false,Disconnected,Disconnected,false,false,Disconnected,false,false
2024-12-03T20:00:45.868838100,Zone3_MasterNode,Received (8) new packets from slave node [Zone3_ActuatorNode] created @ [2024-12-03T20:00:45.845839300],Zone3_BuzzerNode_relay_buzzer,Uninitialized,Disconnected,Uninitialized,false,Zone3_GateNode_motor,false,Disconnected,Disconnected,false,false,Disconnected,false,false
2024-12-03T20:00:46.281739800,Zone3_MasterNode,Received (1) new packets from slave node [Zone3_SpeakerNode] created @ [2024-12-03T20:00:46.264686800],Zone3_BuzzerNode_relay_buzzer,Uninitialized,Disconnected,Uninitialized,false,Zone3_GateNode_motor,false,Disconnected,Disconnected,false,false,Disconnected,false,false
2024-12-03T20:00:46.358987800,Zone3_MasterNode,Received (2) new packets from slave node [Zone3_BuzzerNode] created @ [2024-12-03T20:00:46.332206100],Zone3_BuzzerNode_relay_buzzer,Uninitialized,Disconnected,Uninitialized,false,Zone3_GateNode_motor,false,Disconnected,Disconnected,false,false,Disconnected,false,false
2024-12-03T20:00:46.406036400,Zone3_MasterNode,Gate [Zone3_GateNode] queried permission status for ID [Uninitialized],Zone3_BuzzerNode_relay_buzzer,Uninitialized,Disconnected,Uninitialized,false,Zone3_GateNode_motor,false,Disconnected,Disconnected,false,false,Disconnected,false,false
2024-12-03T20:00:46.413139300,Zone3_MasterNode,Gate [Zone3_GateNode] queried permission status for ID [Uninitialized]. Permission [DENIED],Zone3_BuzzerNode_relay_buzzer,Uninitialized,Disconnected,Uninitialized,false,Zone3_GateNode_motor,false,Disconnected,Disconnected,false,false,Disconnected,false,false
2024-12-03T20:00:46.437022700,Zone3_MasterNode,Received (8) new packets from slave node [Zone3_ActuatorNode] created @ [2024-12-03T20:00:46.406036400],Zone3_BuzzerNode_relay_buzzer,Uninitialized,Disconnected,Uninitialized,false,Zone3_GateNode_motor,false,Disconnected,Disconnected,false,false,Disconnected,false,false
2024-12-03T20:00:46.467641800,Zone3_MasterNode,Received (2) new packets from slave node [Zone3_GateNode] created @ [2024-12-03T20:00:46.441018],Zone3_BuzzerNode_relay_buzzer,Uninitialized,Disconnected,Uninitialized,false,Zone3_GateNode_motor,false,Disconnected,Disconnected,false,false,Disconnected,false,false
2024-12-03T20:00:46.827675800,Zone3_MasterNode,Received (1) new packets from slave node [Zone3_SpeakerNode] created @ [2024-12-03T20:00:46.811896700],Zone3_BuzzerNode_relay_buzzer,Uninitialized,Disconnected,Uninitialized,false,Zone3_GateNode_motor,false,Disconnected,Disconnected,false,false,Disconnected,false,false
2024-12-03T20:00:46.905487400,Zone3_MasterNode,Received (2) new packets from slave node [Zone3_BuzzerNode] created @ [2024-12-03T20:00:46.889369300],Zone3_BuzzerNode_relay_buzzer,Uninitialized,Disconnected,Uninitialized,false,Zone3_GateNode_motor,false,Disconnected,Disconnected,false,false,Disconnected,false,false
2024-12-03T20:00:47.000218200,Zone3_MasterNode,Received (8) new packets from slave node [Zone3_ActuatorNode] created @ [2024-12-03T20:00:46.969019],Zone3_BuzzerNode_relay_buzzer,Uninitialized,Disconnected,Uninitialized,false,Zone3_GateNode_motor,false,Disconnected,Disconnected,false,false,Disconnected,false,false
2024-12-03T20:00:47.015819700,Zone3_MasterNode,Gate [Zone3_GateNode] queried permission status for ID [Uninitialized],Zone3_BuzzerNode_relay_buzzer,Uninitialized,Disconnected,Uninitialized,false,Zone3_GateNode_motor,false,Disconnected,Disconnected,false,false,Disconnected,false,false
2024-12-03T20:00:47.017836900,Zone3_MasterNode,Gate [Zone3_GateNode] queried permission status for ID [Uninitialized]. Permission [DENIED],Zone3_BuzzerNode_relay_buzzer,Uninitialized,Disconnected,Uninitialized,false,Zone3_GateNode_motor,false,Disconnected,Disconnected,false,false,Disconnected,false,false
2024-12-03T20:00:47.047835,Zone3_MasterNode,Received (2) new packets from slave node [Zone3_GateNode] created @ [2024-12-03T20:00:47.033919100],Zone3_BuzzerNode_relay_buzzer,Uninitialized,Disconnected,Uninitialized,false,Zone3_GateNode_motor,false,Disconnected,Disconnected,false,false,Disconnected,false,false
2024-12-03T20:00:47.423873200,Zone3_MasterNode,Received (1) new packets from slave node [Zone3_SpeakerNode] created @ [2024-12-03T20:00:47.345661300],Zone3_BuzzerNode_relay_buzzer,Uninitialized,Disconnected,Uninitialized,false,Zone3_GateNode_motor,false,Disconnected,Disconnected,false,false,Disconnected,false,false
2024-12-03T20:00:47.455197400,Zone3_MasterNode,Received (2) new packets from slave node [Zone3_BuzzerNode] created @ [2024-12-03T20:00:47.423873200],Zone3_BuzzerNode_relay_buzzer,Uninitialized,Disconnected,Uninitialized,false,Zone3_GateNode_motor,false,Disconnected,Disconnected,false,false,Disconnected,false,false
2024-12-03T20:00:47.562189500,Zone3_MasterNode,Received (8) new packets from slave node [Zone3_ActuatorNode] created @ [2024-12-03T20:00:47.531855600],Zone3_BuzzerNode_relay_buzzer,Uninitialized,Disconnected,Uninitialized,false,Zone3_GateNode_motor,false,Disconnected,Disconnected,false,false,Disconnected,false,false
2024-12-03T20:00:47.610044700,Zone3_MasterNode,Gate [Zone3_GateNode] queried permission status for ID [Uninitialized],Zone3_BuzzerNode_relay_buzzer,Uninitialized,Disconnected,Uninitialized,false,Zone3_GateNode_motor,false,Disconnected,Disconnected,false,false,Disconnected,false,false
2024-12-03T20:00:47.612051400,Zone3_MasterNode,Gate [Zone3_GateNode] queried permission status for ID [Uninitialized]. Permission [DENIED],Zone3_BuzzerNode_relay_buzzer,Uninitialized,Disconnected,Uninitialized,false,Zone3_GateNode_motor,false,Disconnected,Disconnected,false,false,Disconnected,false,false
2024-12-03T20:00:47.657103400,Zone3_MasterNode,Received (2) new packets from slave node [Zone3_GateNode] created @ [2024-12-03T20:00:47.628051100],Zone3_BuzzerNode_relay_buzzer,Uninitialized,Disconnected,Uninitialized,false,Zone3_GateNode_motor,false,Disconnected,Disconnected,false,false,Disconnected,false,false
2024-12-03T20:00:47.954373500,Zone3_MasterNode,Received (1) new packets from slave node [Zone3_SpeakerNode] created @ [2024-12-03T20:00:47.941248200],Zone3_BuzzerNode_relay_buzzer,Uninitialized,Disconnected,Uninitialized,false,Zone3_GateNode_motor,false,Disconnected,Disconnected,false,false,Disconnected,false,false
2024-12-03T20:00:48.000840700,Zone3_MasterNode,Received (2) new packets from slave node [Zone3_BuzzerNode] created @ [2024-12-03T20:00:47.972307700],Zone3_BuzzerNode_relay_buzzer,Uninitialized,Disconnected,Uninitialized,false,Zone3_GateNode_motor,false,Disconnected,Disconnected,false,false,Disconnected,false,false
2024-12-03T20:00:48.109197400,Zone3_MasterNode,Received (8) new packets from slave node [Zone3_ActuatorNode] created @ [2024-12-03T20:00:48.078182500],Zone3_BuzzerNode_relay_buzzer,Uninitialized,Disconnected,Uninitialized,false,Zone3_GateNode_motor,false,Disconnected,Disconnected,false,false,Disconnected,false,false
2024-12-03T20:00:48.188230900,Zone3_MasterNode,Gate [Zone3_GateNode] queried permission status for ID [Uninitialized],Zone3_BuzzerNode_relay_buzzer,Uninitialized,Disconnected,Uninitialized,false,Zone3_GateNode_motor,false,Disconnected,Disconnected,false,false,Disconnected,false,false
2024-12-03T20:00:48.190854900,Zone3_MasterNode,Gate [Zone3_GateNode] queried permission status for ID [Uninitialized]. Permission [DENIED],Zone3_BuzzerNode_relay_buzzer,Uninitialized,Disconnected,Uninitialized,false,Zone3_GateNode_motor,false,Disconnected,Disconnected,false,false,Disconnected,false,false
2024-12-03T20:00:48.219981300,Zone3_MasterNode,Received (2) new packets from slave node [Zone3_GateNode] created @ [2024-12-03T20:00:48.205872100],Zone3_BuzzerNode_relay_buzzer,Uninitialized,Disconnected,Uninitialized,false,Zone3_GateNode_motor,false,Disconnected,Disconnected,false,false,Disconnected,false,false
2024-12-03T20:00:48.499225400,Zone3_MasterNode,Received (1) new packets from slave node [Zone3_SpeakerNode] created @ [2024-12-03T20:00:48.485487600],Zone3_BuzzerNode_relay_buzzer,Uninitialized,Disconnected,Uninitialized,false,Zone3_GateNode_motor,false,Disconnected,Disconnected,false,false,Disconnected,false,false
2024-12-03T20:00:48.543961600,Zone3_MasterNode,Received (2) new packets from slave node [Zone3_BuzzerNode] created @ [2024-12-03T20:00:48.530264400],Zone3_BuzzerNode_relay_buzzer,Uninitialized,Disconnected,Uninitialized,false,Zone3_GateNode_motor,false,Disconnected,Disconnected,false,false,Disconnected,false,false
2024-12-03T20:00:48.656072900,Zone3_MasterNode,Received (8) new packets from slave node [Zone3_ActuatorNode] created @ [2024-12-03T20:00:48.624009],Zone3_BuzzerNode_relay_buzzer,Uninitialized,Disconnected,Uninitialized,false,Zone3_GateNode_motor,false,Disconnected,Disconnected,false,false,Disconnected,false,false
2024-12-03T20:00:48.779712400,Zone3_MasterNode,Gate [Zone3_GateNode] queried permission status for ID [Uninitialized],Zone3_BuzzerNode_relay_buzzer,Uninitialized,Disconnected,Uninitialized,false,Zone3_GateNode_motor,false,Disconnected,Disconnected,false,false,Disconnected,false,false
2024-12-03T20:00:48.785711100,Zone3_MasterNode,Gate [Zone3_GateNode] queried permission status for ID [Uninitialized]. Permission [DENIED],Zone3_BuzzerNode_relay_buzzer,Uninitialized,Disconnected,Uninitialized,false,Zone3_GateNode_motor,false,Disconnected,Disconnected,false,false,Disconnected,false,false
2024-12-03T20:00:48.842617900,Zone3_MasterNode,Received (2) new packets from slave node [Zone3_GateNode] created @ [2024-12-03T20:00:48.813564],Zone3_BuzzerNode_relay_buzzer,Uninitialized,Disconnected,Uninitialized,false,Zone3_GateNode_motor,false,Disconnected,Disconnected,false,false,Disconnected,false,false
2024-12-03T20:00:49.044720300,Zone3_MasterNode,Received (1) new packets from slave node [Zone3_SpeakerNode] created @ [2024-12-03T20:00:49.029130200],Zone3_BuzzerNode_relay_buzzer,Uninitialized,Disconnected,Uninitialized,false,Zone3_GateNode_motor,false,Disconnected,Disconnected,false,false,Disconnected,false,false
2024-12-03T20:00:49.090791700,Zone3_MasterNode,Received (2) new packets from slave node [Zone3_BuzzerNode] created @ [2024-12-03T20:00:49.075577200],Zone3_BuzzerNode_relay_buzzer,Uninitialized,Disconnected,Uninitialized,false,Zone3_GateNode_motor,false,Disconnected,Disconnected,false,false,Disconnected,false,false
2024-12-03T20:00:49.215575300,Zone3_MasterNode,Received (8) new packets from slave node [Zone3_ActuatorNode] created @ [2024-12-03T20:00:49.184345300],Zone3_BuzzerNode_relay_buzzer,Uninitialized,Disconnected,Uninitialized,false,Zone3_GateNode_motor,false,Disconnected,Disconnected,false,false,Disconnected,false,false
2024-12-03T20:00:49.385860300,Zone3_MasterNode,Gate [Zone3_GateNode] queried permission status for ID [Uninitialized],Zone3_BuzzerNode_relay_buzzer,Uninitialized,Disconnected,Uninitialized,false,Zone3_GateNode_motor,false,Disconnected,Disconnected,false,false,Disconnected,false,false
2024-12-03T20:00:49.387950300,Zone3_MasterNode,Gate [Zone3_GateNode] queried permission status for ID [Uninitialized]. Permission [DENIED],Zone3_BuzzerNode_relay_buzzer,Uninitialized,Disconnected,Uninitialized,false,Zone3_GateNode_motor,false,Disconnected,Disconnected,false,false,Disconnected,false,false
2024-12-03T20:00:49.432793800,Zone3_MasterNode,Received (2) new packets from slave node [Zone3_GateNode] created @ [2024-12-03T20:00:49.405858400],Zone3_BuzzerNode_relay_buzzer,Uninitialized,Disconnected,Uninitialized,false,Zone3_GateNode_motor,false,Disconnected,Disconnected,false,false,Disconnected,false,false
2024-12-03T20:00:49.586921200,Zone3_MasterNode,Received (1) new packets from slave node [Zone3_SpeakerNode] created @ [2024-12-03T20:00:49.572371],Zone3_BuzzerNode_relay_buzzer,Uninitialized,Disconnected,Uninitialized,false,Zone3_GateNode_motor,false,Disconnected,Disconnected,false,false,Disconnected,false,false
2024-12-03T20:00:49.632683500,Zone3_MasterNode,Received (2) new packets from slave node [Zone3_BuzzerNode] created @ [2024-12-03T20:00:49.620120800],Zone3_BuzzerNode_relay_buzzer,Uninitialized,Disconnected,Uninitialized,false,Zone3_GateNode_motor,false,Disconnected,Disconnected,false,false,Disconnected,false,false
2024-12-03T20:00:49.776290100,Zone3_MasterNode,Received (8) new packets from slave node [Zone3_ActuatorNode] created @ [2024-12-03T20:00:49.744159400],Zone3_BuzzerNode_relay_buzzer,Uninitialized,Disconnected,Uninitialized,false,Zone3_GateNode_motor,false,Disconnected,Disconnected,false,false,Disconnected,false,false
2024-12-03T20:00:49.974191400,Zone3_MasterNode,Gate [Zone3_GateNode] queried permission status for ID [Uninitialized],Zone3_BuzzerNode_relay_buzzer,Uninitialized,Disconnected,Uninitialized,false,Zone3_GateNode_motor,false,Disconnected,Disconnected,false,false,Disconnected,false,false
2024-12-03T20:00:49.978047600,Zone3_MasterNode,Gate [Zone3_GateNode] queried permission status for ID [Uninitialized]. Permission [DENIED],Zone3_BuzzerNode_relay_buzzer,Uninitialized,Disconnected,Uninitialized,false,Zone3_GateNode_motor,false,Disconnected,Disconnected,false,false,Disconnected,false,false
2024-12-03T20:00:50.027268200,Zone3_MasterNode,Received (2) new packets from slave node [Zone3_GateNode] created @ [2024-12-03T20:00:50.001088300],Zone3_BuzzerNode_relay_buzzer,Uninitialized,Disconnected,Uninitialized,false,Zone3_GateNode_motor,false,Disconnected,Disconnected,false,false,Disconnected,false,false
2024-12-03T20:00:50.135060400,Zone3_MasterNode,Received (1) new packets from slave node [Zone3_SpeakerNode] created @ [2024-12-03T20:00:50.119150200],Zone3_BuzzerNode_relay_buzzer,Uninitialized,Disconnected,Uninitialized,false,Zone3_GateNode_motor,false,Disconnected,Disconnected,false,false,Disconnected,false,false
2024-12-03T20:00:50.196895700,Zone3_MasterNode,Received (2) new packets from slave node [Zone3_BuzzerNode] created @ [2024-12-03T20:00:50.166147300],Zone3_BuzzerNode_relay_buzzer,Uninitialized,Disconnected,Uninitialized,false,Zone3_GateNode_motor,false,Disconnected,Disconnected,false,false,Disconnected,false,false
2024-12-03T20:00:50.337744600,Zone3_MasterNode,Received (8) new packets from slave node [Zone3_ActuatorNode] created @ [2024-12-03T20:00:50.305899],Zone3_BuzzerNode_relay_buzzer,Uninitialized,Disconnected,Uninitialized,false,Zone3_GateNode_motor,false,Disconnected,Disconnected,false,false,Disconnected,false,false
2024-12-03T20:00:50.587747600,Zone3_MasterNode,Gate [Zone3_GateNode] queried permission status for ID [Uninitialized],Zone3_BuzzerNode_relay_buzzer,Uninitialized,Disconnected,Uninitialized,false,Zone3_GateNode_motor,false,Disconnected,Disconnected,false,false,Disconnected,false,false
2024-12-03T20:00:50.590763200,Zone3_MasterNode,Gate [Zone3_GateNode] queried permission status for ID [Uninitialized]. Permission [DENIED],Zone3_BuzzerNode_relay_buzzer,Uninitialized,Disconnected,Uninitialized,false,Zone3_GateNode_motor,false,Disconnected,Disconnected,false,false,Disconnected,false,false
2024-12-03T20:00:50.635163900,Zone3_MasterNode,Received (2) new packets from slave node [Zone3_GateNode] created @ [2024-12-03T20:00:50.609516300],Zone3_BuzzerNode_relay_buzzer,Uninitialized,Disconnected,Uninitialized,false,Zone3_GateNode_motor,false,Disconnected,Disconnected,false,false,Disconnected,false,false
2024-12-03T20:00:50.665055700,Zone3_MasterNode,Received (1) new packets from slave node [Zone3_SpeakerNode] created @ [2024-12-03T20:00:50.651167500],Zone3_BuzzerNode_relay_buzzer,Uninitialized,Disconnected,Uninitialized,false,Zone3_GateNode_motor,false,Disconnected,Disconnected,false,false,Disconnected,false,false
2024-12-03T20:00:50.728949500,Zone3_MasterNode,Received (2) new packets from slave node [Zone3_BuzzerNode] created @ [2024-12-03T20:00:50.713457200],Zone3_BuzzerNode_relay_buzzer,Uninitialized,Disconnected,Uninitialized,false,Zone3_GateNode_motor,false,Disconnected,Disconnected,false,false,Disconnected,false,false
2024-12-03T20:00:50.964783200,Zone3_MasterNode,Received (8) new packets from slave node [Zone3_ActuatorNode] created @ [2024-12-03T20:00:50.870121900],Zone3_BuzzerNode_relay_buzzer,Uninitialized,Disconnected,Uninitialized,false,Zone3_GateNode_motor,false,Disconnected,Disconnected,false,false,Disconnected,false,false
2024-12-03T20:00:51.182067700,Zone3_MasterNode,Gate [Zone3_GateNode] queried permission status for ID [Uninitialized],Zone3_BuzzerNode_relay_buzzer,Uninitialized,Disconnected,Uninitialized,false,Zone3_GateNode_motor,false,Disconnected,Disconnected,false,false,Disconnected,false,false
2024-12-03T20:00:51.184380300,Zone3_MasterNode,Gate [Zone3_GateNode] queried permission status for ID [Uninitialized]. Permission [DENIED],Zone3_BuzzerNode_relay_buzzer,Uninitialized,Disconnected,Uninitialized,false,Zone3_GateNode_motor,false,Disconnected,Disconnected,false,false,Disconnected,false,false
2024-12-03T20:00:51.213939600,Zone3_MasterNode,Received (1) new packets from slave node [Zone3_SpeakerNode] created @ [2024-12-03T20:00:51.196897700],Zone3_BuzzerNode_relay_buzzer,Uninitialized,Disconnected,Uninitialized,false,Zone3_GateNode_motor,false,Disconnected,Disconnected,false,false,Disconnected,false,false
2024-12-03T20:00:51.216459500,Zone3_MasterNode,Received (2) new packets from slave node [Zone3_GateNode] created @ [2024-12-03T20:00:51.201975800],Zone3_BuzzerNode_relay_buzzer,Uninitialized,Disconnected,Uninitialized,false,Zone3_GateNode_motor,false,Disconnected,Disconnected,false,false,Disconnected,false,false
2024-12-03T20:00:51.290397100,Zone3_MasterNode,Received (2) new packets from slave node [Zone3_BuzzerNode] created @ [2024-12-03T20:00:51.258974800],Zone3_BuzzerNode_relay_buzzer,Uninitialized,Disconnected,Uninitialized,false,Zone3_GateNode_motor,false,Disconnected,Disconnected,false,false,Disconnected,false,false
2024-12-03T20:00:51.527065300,Zone3_MasterNode,Received (8) new packets from slave node [Zone3_ActuatorNode] created @ [2024-12-03T20:00:51.495533600],Zone3_BuzzerNode_relay_buzzer,Uninitialized,Disconnected,Uninitialized,false,Zone3_GateNode_motor,false,Disconnected,Disconnected,false,false,Disconnected,false,false
2024-12-03T20:00:51.767169,Zone3_MasterNode,Received (1) new packets from slave node [Zone3_SpeakerNode] created @ [2024-12-03T20:00:51.731454700],Zone3_BuzzerNode_relay_buzzer,Uninitialized,Disconnected,Uninitialized,false,Zone3_GateNode_motor,false,Disconnected,Disconnected,false,false,Disconnected,false,false
2024-12-03T20:00:51.777408,Zone3_MasterNode,Gate [Zone3_GateNode] queried permission status for ID [Uninitialized],Zone3_BuzzerNode_relay_buzzer,Uninitialized,Disconnected,Uninitialized,false,Zone3_GateNode_motor,false,Disconnected,Disconnected,false,false,Disconnected,false,false
2024-12-03T20:00:51.778683900,Zone3_MasterNode,Gate [Zone3_GateNode] queried permission status for ID [Uninitialized]. Permission [DENIED],Zone3_BuzzerNode_relay_buzzer,Uninitialized,Disconnected,Uninitialized,false,Zone3_GateNode_motor,false,Disconnected,Disconnected,false,false,Disconnected,false,false
2024-12-03T20:00:51.809220400,Zone3_MasterNode,Received (2) new packets from slave node [Zone3_GateNode] created @ [2024-12-03T20:00:51.795246100],Zone3_BuzzerNode_relay_buzzer,Uninitialized,Disconnected,Uninitialized,false,Zone3_GateNode_motor,false,Disconnected,Disconnected,false,false,Disconnected,false,false
2024-12-03T20:00:51.829487900,Zone3_MasterNode,Received (2) new packets from slave node [Zone3_BuzzerNode] created @ [2024-12-03T20:00:51.809220400],Zone3_BuzzerNode_relay_buzzer,Uninitialized,Disconnected,Uninitialized,false,Zone3_GateNode_motor,false,Disconnected,Disconnected,false,false,Disconnected,false,false
2024-12-03T20:00:52.076247600,Zone3_MasterNode,Received (8) new packets from slave node [Zone3_ActuatorNode] created @ [2024-12-03T20:00:52.046197],Zone3_BuzzerNode_relay_buzzer,Uninitialized,Disconnected,Uninitialized,false,Zone3_GateNode_motor,false,Disconnected,Disconnected,false,false,Disconnected,false,false
2024-12-03T20:00:52.318138300,Zone3_MasterNode,Received (1) new packets from slave node [Zone3_SpeakerNode] created @ [2024-12-03T20:00:52.296508400],Zone3_BuzzerNode_relay_buzzer,Uninitialized,Disconnected,Uninitialized,false,Zone3_GateNode_motor,false,Disconnected,Disconnected,false,false,Disconnected,false,false
2024-12-03T20:00:52.342870400,Zone3_MasterNode,Gate [Zone3_GateNode] queried permission status for ID [Uninitialized],Zone3_BuzzerNode_relay_buzzer,Uninitialized,Disconnected,Uninitialized,false,Zone3_GateNode_motor,false,Disconnected,Disconnected,false,false,Disconnected,false,false
2024-12-03T20:00:52.344866100,Zone3_MasterNode,Gate [Zone3_GateNode] queried permission status for ID [Uninitialized]. Permission [DENIED],Zone3_BuzzerNode_relay_buzzer,Uninitialized,Disconnected,Uninitialized,false,Zone3_GateNode_motor,false,Disconnected,Disconnected,false,false,Disconnected,false,false
2024-12-03T20:00:52.374917,Zone3_MasterNode,Received (2) new packets from slave node [Zone3_BuzzerNode] created @ [2024-12-03T20:00:52.345865900],Zone3_BuzzerNode_relay_buzzer,Uninitialized,Disconnected,Uninitialized,false,Zone3_GateNode_motor,false,Disconnected,Disconnected,false,false,Disconnected,false,false
2024-12-03T20:00:52.390485,Zone3_MasterNode,Received (2) new packets from slave node [Zone3_GateNode] created @ [2024-12-03T20:00:52.365934900],Zone3_BuzzerNode_relay_buzzer,Uninitialized,Disconnected,Uninitialized,false,Zone3_GateNode_motor,false,Disconnected,Disconnected,false,false,Disconnected,false,false
2024-12-03T20:00:52.624351500,Zone3_MasterNode,Received (8) new packets from slave node [Zone3_ActuatorNode] created @ [2024-12-03T20:00:52.596083500],Zone3_BuzzerNode_relay_buzzer,Uninitialized,Disconnected,Uninitialized,false,Zone3_GateNode_motor,false,Disconnected,Disconnected,false,false,Disconnected,false,false
2024-12-03T20:00:52.859590300,Zone3_MasterNode,Received (1) new packets from slave node [Zone3_SpeakerNode] created @ [2024-12-03T20:00:52.845418400],Zone3_BuzzerNode_relay_buzzer,Uninitialized,Disconnected,Uninitialized,false,Zone3_GateNode_motor,false,Disconnected,Disconnected,false,false,Disconnected,false,false
2024-12-03T20:00:52.921366200,Zone3_MasterNode,Gate [Zone3_GateNode] queried permission status for ID [Uninitialized],Zone3_BuzzerNode_relay_buzzer,Uninitialized,Disconnected,Uninitialized,false,Zone3_GateNode_motor,false,Disconnected,Disconnected,false,false,Disconnected,false,false
2024-12-03T20:00:52.921366200,Zone3_MasterNode,Received (2) new packets from slave node [Zone3_BuzzerNode] created @ [2024-12-03T20:00:52.892626200],Zone3_BuzzerNode_relay_buzzer,Uninitialized,Disconnected,Uninitialized,false,Zone3_GateNode_motor,false,Disconnected,Disconnected,false,false,Disconnected,false,false
2024-12-03T20:00:52.923371300,Zone3_MasterNode,Gate [Zone3_GateNode] queried permission status for ID [Uninitialized]. Permission [DENIED],Zone3_BuzzerNode_relay_buzzer,Uninitialized,Disconnected,Uninitialized,false,Zone3_GateNode_motor,false,Disconnected,Disconnected,false,false,Disconnected,false,false
2024-12-03T20:00:52.952083,Zone3_MasterNode,Received (2) new packets from slave node [Zone3_GateNode] created @ [2024-12-03T20:00:52.936950100],Zone3_BuzzerNode_relay_buzzer,Uninitialized,Disconnected,Uninitialized,false,Zone3_GateNode_motor,false,Disconnected,Disconnected,false,false,Disconnected,false,false
2024-12-03T20:00:53.184771,Zone3_MasterNode,Received (8) new packets from slave node [Zone3_ActuatorNode] created @ [2024-12-03T20:00:53.153062300],Zone3_BuzzerNode_relay_buzzer,Uninitialized,Disconnected,Uninitialized,false,Zone3_GateNode_motor,false,Disconnected,Disconnected,false,false,Disconnected,false,false
2024-12-03T20:00:53.401846100,Zone3_MasterNode,Received (1) new packets from slave node [Zone3_SpeakerNode] created @ [2024-12-03T20:00:53.386760300],Zone3_BuzzerNode_relay_buzzer,Uninitialized,Disconnected,Uninitialized,false,Zone3_GateNode_motor,false,Disconnected,Disconnected,false,false,Disconnected,false,false
2024-12-03T20:00:53.465695200,Zone3_MasterNode,Received (2) new packets from slave node [Zone3_BuzzerNode] created @ [2024-12-03T20:00:53.436701800],Zone3_BuzzerNode_relay_buzzer,Uninitialized,Disconnected,Uninitialized,false,Zone3_GateNode_motor,false,Disconnected,Disconnected,false,false,Disconnected,false,false
2024-12-03T20:00:53.573187200,Zone3_MasterNode,Gate [Zone3_GateNode] queried permission status for ID [Uninitialized],Zone3_BuzzerNode_relay_buzzer,Uninitialized,Disconnected,Uninitialized,false,Zone3_GateNode_motor,false,Disconnected,Disconnected,false,false,Disconnected,false,false
2024-12-03T20:00:53.581924600,Zone3_MasterNode,Gate [Zone3_GateNode] queried permission status for ID [Uninitialized]. Permission [DENIED],Zone3_BuzzerNode_relay_buzzer,Uninitialized,Disconnected,Uninitialized,false,Zone3_GateNode_motor,false,Disconnected,Disconnected,false,false,Disconnected,false,false
2024-12-03T20:00:53.636051,Zone3_MasterNode,Received (2) new packets from slave node [Zone3_GateNode] created @ [2024-12-03T20:00:53.620231700],Zone3_BuzzerNode_relay_buzzer,Uninitialized,Disconnected,Uninitialized,false,Zone3_GateNode_motor,false,Disconnected,Disconnected,false,false,Disconnected,false,false
2024-12-03T20:00:54.239867200,Zone3_MasterNode,Received (2) new packets from slave node [Zone3_BuzzerNode] created @ [2024-12-03T20:00:53.981848],Zone3_BuzzerNode_relay_buzzer,Uninitialized,Disconnected,Uninitialized,false,Zone3_GateNode_motor,false,Disconnected,Disconnected,false,false,Disconnected,false,false
2024-12-03T20:00:54.243643500,Zone3_MasterNode,Received (8) new packets from slave node [Zone3_ActuatorNode] created @ [2024-12-03T20:00:53.713367700],Zone3_BuzzerNode_relay_buzzer,Uninitialized,Disconnected,Uninitialized,false,Zone3_GateNode_motor,false,Disconnected,Disconnected,false,false,Disconnected,false,false
2024-12-03T20:00:54.240905200,Zone3_MasterNode,Received (1) new packets from slave node [Zone3_SpeakerNode] created @ [2024-12-03T20:00:53.920199200],Zone3_BuzzerNode_relay_buzzer,Uninitialized,Disconnected,Uninitialized,false,Zone3_GateNode_motor,false,Disconnected,Disconnected,false,false,Disconnected,false,false
2024-12-03T20:00:54.240905200,Zone3_MasterNode,Gate [Zone3_GateNode] queried permission status for ID [Uninitialized],Zone3_BuzzerNode_relay_buzzer,Uninitialized,Disconnected,Uninitialized,false,Zone3_GateNode_motor,false,Disconnected,Disconnected,false,false,Disconnected,false,false
2024-12-03T20:00:54.251800500,Zone3_MasterNode,Gate [Zone3_GateNode] queried permission status for ID [Uninitialized]. Permission [DENIED],Zone3_BuzzerNode_relay_buzzer,Uninitialized,Disconnected,Uninitialized,false,Zone3_GateNode_motor,false,Disconnected,Disconnected,false,false,Disconnected,false,false
